<?xml version="1.0" encoding="UTF-8"?>
<root>
  <item name="com.flipboard.bottomsheet.commons.ImagePickerSheetView.ImagePickerTile ImagePickerTile(android.net.Uri, int) 1">
    <annotation name="android.support.annotation.IntDef">
      <val name="value" val="{com.flipboard.bottomsheet.commons.ImagePickerSheetView.ImagePickerTile.IMAGE, com.flipboard.bottomsheet.commons.ImagePickerSheetView.ImagePickerTile.CAMERA, com.flipboard.bottomsheet.commons.ImagePickerSheetView.ImagePickerTile.PICKER}" />
    </annotation>
  </item>
  <item name="com.flipboard.bottomsheet.commons.ImagePickerSheetView.ImagePickerTile ImagePickerTile(int) 0">
    <annotation name="android.support.annotation.IntDef">
      <val name="value" val="{com.flipboard.bottomsheet.commons.ImagePickerSheetView.ImagePickerTile.CAMERA, com.flipboard.bottomsheet.commons.ImagePickerSheetView.ImagePickerTile.PICKER}" />
    </annotation>
  </item>
  <item name="com.flipboard.bottomsheet.commons.ImagePickerSheetView.ImagePickerTile int getTileType()">
    <annotation name="android.support.annotation.IntDef">
      <val name="value" val="{com.flipboard.bottomsheet.commons.ImagePickerSheetView.ImagePickerTile.IMAGE, com.flipboard.bottomsheet.commons.ImagePickerSheetView.ImagePickerTile.CAMERA, com.flipboard.bottomsheet.commons.ImagePickerSheetView.ImagePickerTile.PICKER}" />
    </annotation>
  </item>
  <item name="com.flipboard.bottomsheet.commons.ImagePickerSheetView.ImagePickerTile tileType">
    <annotation name="android.support.annotation.IntDef">
      <val name="value" val="{com.flipboard.bottomsheet.commons.ImagePickerSheetView.ImagePickerTile.IMAGE, com.flipboard.bottomsheet.commons.ImagePickerSheetView.ImagePickerTile.CAMERA, com.flipboard.bottomsheet.commons.ImagePickerSheetView.ImagePickerTile.PICKER}" />
    </annotation>
  </item>
</root>

